{
    "name": "imgix",
    "version": "1.0.7",
    "title": "imgix jQuery Plugin",
    "description": "imgix.js is a javascript library that allows you to easily use the imgix API to make images on your site or app responsive to device size and pixel density. imgix.js allows for intuitive use of imgix features such as text formatting, color palette extraction, color adjustments, effects, and watermarking. imgix.js requires an imgix account to use your own images. Sign up at imgix.com",
    "keywords": [
        "jquery",
        "file",
        "image",
		"imgix",
        "transformations",
        "manipulation",
        "effects",
        "thumbnail",
        "preview",
        "cross-domain",
        "cross-site",
        "picture",
        "pictures",
        "thumbnails",
		"responsive",
		"fluid",
        "CDN",
		"images",
		"photo",
		"photos"
    ],
    "homepage": "http://github.com/imgix/imgix.js",
    "demo": "http://www.imgix.com/imgix-js",
    "docs": "https://github.com/imgix/imgix.js/blob/master/docs/api.md",
    "author": {
        "name": "imgix",
        "url": "http://www.imgix.com"
    },
    "maintainers": [
        {
            "name": "imgix",
            "url": "http://www.imgix.com"
        }
    ],
    "repository": {
        "type": "git",        
        "url": "git://github.com/imgix/imgix.js.git"
    },
    "bugs": "https://github.com/imgix/imgix.js/issues",
    "licenses": [
        {
            "type": "BSD-2",
            "url": "http://opensource.org/licenses/BSD-2-Clause"
        }
    ],
    "dependencies": {
        "jquery": ">=1.6"
    }
}
